{"count":1,"gauges":{"CompanionV2-60.CumulativeReward":{"count":4,"max":797.763367,"min":-657.1687,"value":109.82093,"weightedAverage":-174.059982}},"self":107.6539136,"total":108.9855431,"children":{"AgentSendState":{"count":5429,"self":0.0130117,"total":0.0180166,"children":{"CollectObservations":{"count":1086,"self":0.0040035,"total":0.0040035,"children":null},"CollectDiscreteActionMasks":{"count":1086,"self":0.0010014,"total":0.0010014,"children":null}}},"DecideAction":{"count":5429,"self":1.2785806,"total":1.2915933,"children":{"RayPerceptionSensor.Perceive":{"count":1086,"self":0.013012699999999999,"total":0.013012699999999999,"children":null}}},"AgentAct":{"count":5429,"self":0.021023,"total":0.021023,"children":null}}}