{"count":1,"gauges":{"CompanionV1-90.CumulativeReward":{"count":9,"max":1785.69189,"min":-728.1936,"value":1051.733,"weightedAverage":349.400269}},"self":203.2166272,"total":205.4985451,"children":{"AgentSendState":{"count":10232,"self":0.0480515,"total":0.053056599999999995,"children":{"CollectObservations":{"count":2047,"self":0.0040034,"total":0.0040034,"children":null},"CollectDiscreteActionMasks":{"count":2047,"self":0.0010017,"total":0.0010017,"children":null}}},"DecideAction":{"count":10232,"self":2.1127452,"total":2.1647963999999997,"children":{"RayPerceptionSensor.Perceive":{"count":2047,"self":0.0520512,"total":0.0520512,"children":null}}},"AgentAct":{"count":10232,"self":0.0630693,"total":0.0630693,"children":null}}}