{"count":1,"gauges":{"CompanionV3-60.CumulativeReward":{"count":29,"max":3080.67139,"min":-717.1856,"value":165.808441,"weightedAverage":-79.55781}},"self":615.0569984,"total":622.1631145,"children":{"AgentSendState":{"count":31061,"self":0.1651405,"total":0.19617199999999999,"children":{"CollectObservations":{"count":6213,"self":0.024026199999999998,"total":0.024026199999999998,"children":null},"CollectDiscreteActionMasks":{"count":6213,"self":0.0070053,"total":0.0070053,"children":null}}},"DecideAction":{"count":31061,"self":6.418304,"total":6.6609899,"children":{"RayPerceptionSensor.Perceive":{"count":6213,"self":0.24268579999999998,"total":0.24268579999999998,"children":null}}},"AgentAct":{"count":31061,"self":0.2479306,"total":0.2479306,"children":null}}}